-- =========================================================
-- ARQUIVO 02: USUÁRIOS, ALUNOS, PROFESSORES E FUNCIONÁRIOS
-- =========================================================

-- Inserção de Usuários
INSERT INTO Usuario (CPF, NomeUsuario, SobrenomeUsuario, NumeroTelefone, Endereco, Email, Senha, DataNascimento, Sexo) VALUES
('12345678901', 'João', 'Silva', '11987654321', 'Rua A, 123', 'joao.silva@email.com', 'senha123', '1990-05-10', 'M'),
('23456789012', 'Maria', 'Oliveira', '21987654321', 'Avenida B, 456', 'maria.oliveira@email.com', 'senha456', '1992-08-15', 'F'),
('34567890123', 'Carlos', 'Pereira', '31987654321', 'Rua C, 789', 'carlos.pereira@email.com', 'senha789', '1991-12-20', 'M'),
('45678901234', 'Ana', 'Souza', '41987654321', 'Praça D, 321', 'ana.souza@email.com', 'senha101', '1993-02-14', 'F'),
('56789012345', 'Pedro', 'Costa', '51987654321', 'Rua E, 654', 'pedro.costa@email.com', 'senha202', '1989-07-30', 'M'),
('67890123456', 'Juliana', 'Mendes', '61987654321', 'Avenida F, 987', 'juliana.mendes@email.com', 'senha303', '1994-03-25', 'F'),
('78901234567', 'Ricardo', 'Lima', '71987654321', 'Rua G, 123', 'ricardo.lima@email.com', 'senha404', '1992-11-18', 'M'),
('89012345678', 'Patrícia', 'Alves', '81987654321', 'Avenida H, 456', 'patricia.alves@email.com', 'senha505', '1990-01-05', 'F'),
('90123456789', 'Lucas', 'Santos', '91987654321', 'Rua I, 789', 'lucas.santos@email.com', 'senha606', '1988-10-17', 'M'),
('01234567890', 'Fernanda', 'Martins', '11987654321', 'Praça J, 654', 'fernanda.martins@email.com', 'senha707', '1995-06-12', 'F'),
('11223344556', 'Roberto', 'Barros', '22987654321', 'Rua K, 321', 'roberto.barros@email.com', 'senha808', '1991-01-28', 'M'),
('22334455667', 'Gisele', 'Dias', '33987654321', 'Avenida L, 987', 'gisele.dias@email.com', 'senha909', '1994-09-06', 'F'),
('33445566778', 'Felipe', 'Gomes', '44987654321', 'Rua M, 123', 'felipe.gomes@email.com', 'senha1010', '1993-07-14', 'M'),
('44556677889', 'Sofia', 'Ferreira', '55987654321', 'Praça N, 456', 'sofia.ferreira@email.com', 'senha1111', '1992-12-03', 'F'),
('55667788990', 'Marcos', 'Rodrigues', '66987654321', 'Rua O, 789', 'marcos.rodrigues@email.com', 'senha1212', '1991-03-21', 'M'),
('66778899001', 'Letícia', 'Silveira', '77987654321', 'Avenida P, 321', 'leticia.silveira@email.com', 'senha1313', '1990-10-15', 'F'),
('77889900112', 'Gustavo', 'Nascimento', '88987654321', 'Rua Q, 654', 'gustavo.nascimento@email.com', 'senha1414', '1994-04-02', 'M'),
('88990011223', 'Carla', 'Pereira', '99987654321', 'Avenida R, 987', 'carla.pereira@email.com', 'senha1515', '1993-05-17', 'F'),
('99001122334', 'Vinícius', 'Oliveira', '11987654321', 'Rua S, 123', 'vinicius.oliveira@email.com', 'senha1616', '1989-11-24', 'M'),
('10112233445', 'Camila', 'Costa', '22987654321', 'Praça T, 456', 'camila.costa@email.com', 'senha1717', '1992-02-09', 'F'),
('11223344567', 'Leandro', 'Martins', '33987654321', 'Rua U, 789', 'leandro.martins@email.com', 'senha1818', '1991-12-22', 'M'),
('22334455678', 'Talita', 'Gomes', '44987654321', 'Avenida V, 321', 'talita.gomes@email.com', 'senha1919', '1993-01-07', 'F'),
('33445566789', 'Rafael', 'Almeida', '55987654321', 'Rua W, 654', 'rafael.almeida@email.com', 'senha2020', '1988-07-18', 'M'),
('44556677890', 'Jéssica', 'Santos', '66987654321', 'Praça X, 987', 'jessica.santos@email.com', 'senha2121', '1994-11-13', 'F'),
('55667788901', 'Mariana', 'Souza', '77987654321', 'Rua Y, 123', 'mariana.souza@email.com', 'senha2222', '1990-04-20', 'F'),
('66778899012', 'André', 'Dias', '88987654321', 'Avenida Z, 456', 'andre.dias@email.com', 'senha2323', '1992-03-11', 'M'),
('77889900123', 'Renata', 'Ferreira', '99987654321', 'Rua AA, 789', 'renata.ferreira@email.com', 'senha2424', '1994-10-02', 'F'),
('88990011234', 'Felipe', 'Lima', '11987654321', 'Praça BB, 654', 'felipe.lima@email.com', 'senha2525', '1989-09-15', 'M'),
('11111111111', 'Amanda', 'Ribeiro', '11911111111', 'Rua AA, 100', 'amanda.ribeiro@email.com', 'senha111', '1995-03-15', 'F'),
('22222222222', 'Bruno', 'Carvalho', '11922222222', 'Avenida BB, 200', 'bruno.carvalho@email.com', 'senha222', '1993-07-22', 'M'),
('33333333333', 'Carolina', 'Melo', '11933333333', 'Rua CC, 300', 'carolina.melo@email.com', 'senha333', '1994-11-08', 'F'),
('44444444444', 'Daniel', 'Cavalcanti', '11944444444', 'Praça DD, 400', 'daniel.cavalcanti@email.com', 'senha444', '1992-01-30', 'M'),
('55555555555', 'Eduarda', 'Barbosa', '11955555555', 'Rua EE, 500', 'eduarda.barbosa@email.com', 'senha555', '1996-05-12', 'F'),
('66666666666', 'Felipe', 'Cardoso', '11966666666', 'Avenida FF, 600', 'felipe.cardoso@email.com', 'senha666', '1991-09-18', 'M'),
('77777777777', 'Gabriela', 'Teixeira', '11977777777', 'Rua GG, 700', 'gabriela.teixeira@email.com', 'senha777', '1997-02-25', 'F'),
('88888888888', 'Henrique', 'Monteiro', '11988888888', 'Praça HH, 800', 'henrique.monteiro@email.com', 'senha888', '1990-12-03', 'M'),
('99999999999', 'Isabela', 'Cunha', '11999999999', 'Rua II, 900', 'isabela.cunha@email.com', 'senha999', '1998-08-14', 'F'),
('00000000001', 'João Pedro', 'Vieira', '11900000001', 'Avenida JJ, 1000', 'joao.pedro@email.com', 'senha001', '1989-04-20', 'M'),
('11111111112', 'Karla', 'Freitas', '11911111112', 'Rua KK, 1100', 'karla.freitas@email.com', 'senha002', '1994-06-07', 'F'),
('22222222223', 'Leonardo', 'Araújo', '11922222223', 'Praça LL, 1200', 'leonardo.araujo@email.com', 'senha003', '1993-10-29', 'M'),
('33333333334', 'Mariana', 'Costa', '11933333334', 'Rua MM, 1300', 'mariana.costa@email.com', 'senha004', '1995-01-16', 'F'),
('44444444445', 'Nicolas', 'Lima', '11944444445', 'Avenida NN, 1400', 'nicolas.lima@email.com', 'senha005', '1992-03-11', 'M'),
('55555555556', 'Olivia', 'Rocha', '11955555556', 'Rua OO, 1500', 'olivia.rocha@email.com', 'senha006', '1996-07-04', 'F'),
('66666666667', 'Paulo', 'Mendes', '11966666667', 'Praça PP, 1600', 'paulo.mendes@email.com', 'senha007', '1991-11-21', 'M'),
('77777777778', 'Queila', 'Santos', '11977777778', 'Rua QQ, 1700', 'queila.santos@email.com', 'senha008', '1997-05-09', 'F'),
('88888888889', 'Rafael', 'Oliveira', '11988888889', 'Avenida RR, 1800', 'rafael.oliveira@email.com', 'senha009', '1990-08-26', 'M'),
('99999999990', 'Sabrina', 'Silva', '11999999990', 'Rua SS, 1900', 'sabrina.silva@email.com', 'senha010', '1998-12-13', 'F'),
('00000000002', 'Thiago', 'Pereira', '11900000002', 'Praça TT, 2000', 'thiago.pereira@email.com', 'senha011', '1989-02-28', 'M'),
('11111111113', 'Úrsula', 'Gomes', '11911111113', 'Rua UU, 2100', 'ursula.gomes@email.com', 'senha012', '1994-04-05', 'F'),
('22222222224', 'Victor', 'Martins', '11922222224', 'Avenida VV, 2200', 'victor.martins@email.com', 'senha013', '1993-06-17', 'M'),
('33333333335', 'Wanessa', 'Ferreira', '11933333335', 'Rua WW, 2300', 'wanessa.ferreira@email.com', 'senha014', '1995-09-23', 'F'),
('44444444446', 'Xavier', 'Rodrigues', '11944444446', 'Praça XX, 2400', 'xavier.rodrigues@email.com', 'senha015', '1992-01-08', 'M'),
('55555555557', 'Yasmin', 'Almeida', '11955555557', 'Rua YY, 2500', 'yasmin.almeida@email.com', 'senha016', '1996-03-19', 'F'),
('66666666668', 'Zé Carlos', 'Nascimento', '11966666668', 'Avenida ZZ, 2600', 'ze.carlos@email.com', 'senha017', '1991-07-31', 'M'),
('77777777779', 'Alice', 'Souza', '11977777779', 'Rua AAA, 2700', 'alice.souza@email.com', 'senha018', '1997-10-12', 'F'),
('88888888890', 'Bernardo', 'Dias', '11988888890', 'Praça BBB, 2800', 'bernardo.dias@email.com', 'senha019', '1990-12-25', 'M'),
('99999999991', 'Camila', 'Cavalcante', '11999999991', 'Rua CCC, 2900', 'camila.cavalcante@email.com', 'senha020', '1998-05-06', 'F'),
('00000000003', 'Diego', 'Barros', '11900000003', 'Avenida DDD, 3000', 'diego.barros@email.com', 'senha021', '1989-08-14', 'M');

-- Inserção de Alunos para a Escola 1
INSERT INTO Aluno (CPFUsuario, Bolsa, IDEscola) VALUES
('12345678901', TRUE, 1),
('23456789012', FALSE, 1),
('34567890123', TRUE, 1),
('45678901234', FALSE, 1),
('56789012345', TRUE, 1),
('67890123456', FALSE, 1),
('78901234567', TRUE, 1),
('89012345678', FALSE, 1),
('90123456789', TRUE, 1),
('01234567890', FALSE, 1),
('11111111111', TRUE, 1),
('22222222222', FALSE, 1),
('33333333333', TRUE, 1),
('44444444444', FALSE, 1),
('55555555555', TRUE, 1),
('66666666666', FALSE, 1),
('77777777777', TRUE, 1),
('88888888888', FALSE, 1),
('99999999999', TRUE, 1),
('00000000001', FALSE, 1),
('11111111112', TRUE, 1),
('22222222223', FALSE, 1),
('33333333334', TRUE, 1),
('44444444445', FALSE, 1),
('55555555556', TRUE, 1),
('66666666667', FALSE, 1),
('77777777778', TRUE, 1),
('88888888889', FALSE, 1),
('99999999990', TRUE, 1),
('00000000002', FALSE, 1),
('11111111113', TRUE, 1),
('22222222224', FALSE, 1),
('33333333335', TRUE, 1),
('44444444446', FALSE, 1),
('55555555557', TRUE, 1),
('66666666668', FALSE, 1),
('77777777779', TRUE, 1),
('88888888890', FALSE, 1),
('99999999991', TRUE, 1),
('00000000003', FALSE, 1);

-- Inserção de Professores para a Escola 1
INSERT INTO Professor (CPFUsuario, Titulacao, AreaEspecialidade, IDEscola) VALUES
('11223344556', 'Mestre', 'Matemática', 1),
('22334455667', 'Doutor', 'Português', 1),
('33445566778', 'Mestre', 'Física', 1),
('44556677889', 'Doutor', 'Química', 1),
('55667788990', 'Mestre', 'História', 1),
('66778899001', 'Doutor', 'Geografia', 1),
('77889900112', 'Mestre', 'Biologia', 1),
('88990011223', 'Doutor', 'Matemática', 1),
('99001122334', 'Mestre', 'Português', 1),
('10112233445', 'Doutor', 'Física', 1);

-- Inserção de Funcionários
INSERT INTO Funcionario (CPFUsuario, Operacao) VALUES
('11223344567', 'Recepção'),
('22334455678', 'Limpeza'),
('33445566789', 'Segurança'),
('44556677890', 'Biblioteca'),
('55667788901', 'Laboratório'),
('66778899012', 'Secretaria'),
('77889900123', 'Coordenação'),
('88990011234', 'TI'); 